<?xml version="1.0" encoding="utf-8"?><Metadata><Ms><It Ln="31" O="0" M="Utt.Debugger.Warning" T="warning: missing return value&#xD;&#xA;"><P F="D:\Lanit_NT\lanit_hw_shevarev\HW_Script_mail\Script_mail_1\Send.c" N="41" C="0" /></It><It Ln="225" O="0" M="Utt.Debugger.Info" T="d:\lanit_nt\lanit_hw_shevarev\hw_script_mail\script_mail_1\\pre_cci.c: C:\\Program Files (x86)\\Micro Focus\\LoadRunner\\include/stdlib.h:52: warning: declaration of `malloc' does not match previous declaration at Mail.c:12&#xD;&#xA;"><P F=" " N="9999999" C="0" /></It><It Ln="18" O="0" M="Utt.Debugger.Info" T="No errors detected" /></Ms></Metadata>