<?xml version="1.0" encoding="utf-8"?>
<VugenScriptMetadata>
  <ScriptName>Script_mail_1</ScriptName>
  <Protocol>Web - HTTP/HTML</Protocol>
  <ActionFiles>
    <FileEntry Name="vuser_init.c" Filter="2" />
    <FileEntry Name="Action.c" Filter="2" />
    <FileEntry Name="vuser_end.c" Filter="2" />
  </ActionFiles>
  <GeneralFiles>
    <FileEntry Name="Script_mail_1.usr" Filter="4" />
    <FileEntry Name="default.cfg" Filter="4" />
    <FileEntry Name="default.usp" Filter="4" />
    <FileEntry Name="Script_mail_2.prm" Filter="2" />
    <FileEntry Name="globals.h" Filter="2" />
    <FileEntry Name="Login.dat" Filter="2" />
    <FileEntry Name="To_mail.dat" Filter="2" />
    <FileEntry Name="Mail.c" Filter="2" />
    <FileEntry Name="Send.c" Filter="2" />
    <FileEntry Name="combined_Script_mail_1.c" Filter="2" />
    <FileEntry Name="pre_cci.c" Filter="2" />
    <FileEntry Name="137202804441.idx" Filter="1" />
    <FileEntry Name="177187908441.idx" Filter="1" />
    <FileEntry Name="266540026441.idx" Filter="1" />
    <FileEntry Name="26654002644_01p.765.idx" Filter="1" />
    <FileEntry Name="26654002644_1JC.641.idx" Filter="1" />
    <FileEntry Name="26654002644_1wJ.261.idx" Filter="1" />
    <FileEntry Name="26654002644_5xH.651.idx" Filter="1" />
    <FileEntry Name="26654002644_7c3.893.idx" Filter="1" />
    <FileEntry Name="26654002644_8dH.203.idx" Filter="1" />
    <FileEntry Name="26654002644_8mB.117.idx" Filter="1" />
    <FileEntry Name="26654002644_9S4.11.idx" Filter="1" />
    <FileEntry Name="26654002644_9uN.345.idx" Filter="1" />
    <FileEntry Name="26654002644_A7j.971.idx" Filter="1" />
    <FileEntry Name="26654002644_aEs.835.idx" Filter="1" />
    <FileEntry Name="26654002644_AIj.771.idx" Filter="1" />
    <FileEntry Name="26654002644_Auw.669.idx" Filter="1" />
    <FileEntry Name="26654002644_AwH.749.idx" Filter="1" />
    <FileEntry Name="26654002644_ay4.625.idx" Filter="1" />
    <FileEntry Name="26654002644_bG2.773.idx" Filter="1" />
    <FileEntry Name="26654002644_bjP.817.idx" Filter="1" />
    <FileEntry Name="26654002644_bZ2.901.idx" Filter="1" />
    <FileEntry Name="26654002644_CIE.615.idx" Filter="1" />
    <FileEntry Name="26654002644_CuI.513.idx" Filter="1" />
    <FileEntry Name="26654002644_EBD.973.idx" Filter="1" />
    <FileEntry Name="26654002644_EDL.305.idx" Filter="1" />
    <FileEntry Name="26654002644_eKM.895.idx" Filter="1" />
    <FileEntry Name="26654002644_EmM.667.idx" Filter="1" />
    <FileEntry Name="26654002644_f2L.861.idx" Filter="1" />
    <FileEntry Name="26654002644_fGn.601.idx" Filter="1" />
    <FileEntry Name="26654002644_fvZ.789.idx" Filter="1" />
    <FileEntry Name="26654002644_Gm5.725.idx" Filter="1" />
    <FileEntry Name="26654002644_HCy.451.idx" Filter="1" />
    <FileEntry Name="26654002644_hYY.415.idx" Filter="1" />
    <FileEntry Name="26654002644_IX6.465.idx" Filter="1" />
    <FileEntry Name="26654002644_JYd.847.idx" Filter="1" />
    <FileEntry Name="26654002644_Kbj.505.idx" Filter="1" />
    <FileEntry Name="26654002644_kde.569.idx" Filter="1" />
    <FileEntry Name="26654002644_kF0.285.idx" Filter="1" />
    <FileEntry Name="26654002644_lpW.117.idx" Filter="1" />
    <FileEntry Name="26654002644_Mob.631.idx" Filter="1" />
    <FileEntry Name="26654002644_n9i.87.idx" Filter="1" />
    <FileEntry Name="26654002644_NQ9.987.idx" Filter="1" />
    <FileEntry Name="26654002644_NqU.53.idx" Filter="1" />
    <FileEntry Name="26654002644_o5V.167.idx" Filter="1" />
    <FileEntry Name="26654002644_Pkl.181.idx" Filter="1" />
    <FileEntry Name="26654002644_rFP.801.idx" Filter="1" />
    <FileEntry Name="26654002644_SiS.653.idx" Filter="1" />
    <FileEntry Name="26654002644_SXt.445.idx" Filter="1" />
    <FileEntry Name="26654002644_tos.33.idx" Filter="1" />
    <FileEntry Name="26654002644_u2w.233.idx" Filter="1" />
    <FileEntry Name="26654002644_vzp.777.idx" Filter="1" />
    <FileEntry Name="26654002644_ybl.849.idx" Filter="1" />
    <FileEntry Name="26654002644_YKE.77.idx" Filter="1" />
    <FileEntry Name="26654002644_Z0J.619.idx" Filter="1" />
    <FileEntry Name="26654002644_Z6t.211.idx" Filter="1" />
    <FileEntry Name="26654002644_ZfW.589.idx" Filter="1" />
    <FileEntry Name="26654002644_ZI2.223.idx" Filter="1" />
    <FileEntry Name="Bookmarks.xml" Filter="1" />
    <FileEntry Name="Breakpoints.xml" Filter="1" />
    <FileEntry Name="CompilerLogMetadata.xml" Filter="1" />
    <FileEntry Name="logfile.log" Filter="1" />
    <FileEntry Name="mdrv.log" Filter="1" />
    <FileEntry Name="mdrv_cmd.txt" Filter="1" />
    <FileEntry Name="options.txt" Filter="1" />
    <FileEntry Name="output.bak" Filter="1" />
    <FileEntry Name="output.txt" Filter="1" />
    <FileEntry Name="OutputColoringDatabase.json" Filter="1" />
    <FileEntry Name="Password.dat" Filter="1" />
    <FileEntry Name="ReplaySummaryReport.xml" Filter="1" />
    <FileEntry Name="ScriptUploadMetadata.xml" Filter="1" />
    <FileEntry Name="Script_mail_1.c.pickle" Filter="1" />
    <FileEntry Name="Script_mail_1.ci" Filter="1" />
    <FileEntry Name="Script_mail_2.prm.bak" Filter="1" />
    <FileEntry Name="TransactionsData.db" Filter="1" />
    <FileEntry Name="UserTasks.xml" Filter="1" />
    <FileEntry Name="data\" Filter="1" />
    <FileEntry Name="result1\" Filter="1" />
  </GeneralFiles>
</VugenScriptMetadata>